Id_persona,NOMBRE,Primer apellido,segundo apellido,email
1	 Santiago Rodríguez Rivera Santiago,Rodríguez@email.com
2	 Valentina	 García	 RivasValentina García@email.com
3	 Mateo	 Martínez	 Delgado Mateo Martínez@email.com
4	 Sofía	 López	 Castro	 Sofía López@email.com
5	 Alejandro  González	 Fernández Alejandro González@email.com
6	 Isabella	 Hernández	 Vargas Isabella Hernández@email.com
7	 Benjamín	 Pérez  Montoya	 Benjamín Pérez@email.com
8	 Camila	 Sánchez	 Paredes	 Camila Sánchez@email.com
9	 Sebastián	 Ramírez	 Méndez	 Sebastián Ramírez@email.com
10	 Valeria	 Torres	 Herrera	 Valeria Torres@email.com
11	 Nicolás	 Flores	 Miranda	 Nicolás Flores@email.com
12	 Lucía	 Gómez	 Aguilar	 Lucía Gómez@email.com
13	 Samuel	 Díaz	 Ríos	 Samuel Díaz@email.com
14	 Emma	 Cruz	 Cordero	 Emma Cruz@email.com
15	 Daniel	 Morales	 Cervantes	 Daniel Morales@email.com
16	 Victoria	 Reyes	 Soto	 Victoria Reyes@email.com
17	 Diego	 Romero	 Bravo	 Diego Romero@email.com
18	 Mia	 Vargas	 Medina	 Mia Vargas@email.com
19	 Felipe	 Mendoza	 León	 Felipe Mendoza@email.com
20	 Mariana	 Castro	 Mendoza	 Mariana Castro@email.com
21	 Andrés	 Ríos	 Rojas	 Andrés Ríos@email.com
22	 Gabriela	 Aguilar	 Jiménez	 Gabriela Aguilar@email.com
23	 Juan	 Ortega	 Guzmán	 Juan Ortega@email.com
24	 Natalia	 Silva	 Del Valle	 Natalia Silva@email.com
25	 David	 Cárdenas	 Duarte	 David Cárdenas@email.com
26	 Sara	 Medina	 Pineda	 Sara Medina@email.com
27	 Carlos	 Paredes	 Zamora	 Carlos Paredes@email.com
28	 Laura	 Rivas	 Alvarado	 Laura Rivas@email.com
29	 Andrés	 Miranda	 Cáceres	 Andrés Miranda@email.com
30	 Julia	 Velázquez	 Navarro	 Julia Velázquez@email.com
31	 Antonio	 Figueroa	 Ramírez	 Antonio Figueroa@email.com
32	 Gabriela	 Solís	 Valenzuela	 Gabriela Solís@email.com
33	 Javier	 Guzmán	 Bautista	 Javier Guzmán@email.com
34	 Daniela	 Navarro	 Valdés	 Daniela Navarro@email.com
35	 Francisco	 Valdez	 Sepúlveda	 Francisco Valdez@email.com
36	 Carolina	 Rojas	 Contreras	 Carolina Rojas@email.com
37	 José	 Zavala	 Cabrera	 José Zavala@email.com
38	 Adriana	 Núñez	 Molina	 Adriana Núñez@email.com
39	 Ricardo	 Morales	 Escobar	 Ricardo Morales@email.com
40	 Isabela	 Méndez	 Cáceres	 Isabela Méndez@email.com
41	 Manuel	 Pineda	 Calderón	 Manuel Pineda@email.com
42	 Fernanda	 Salgado	 Campos	 Fernanda Salgado@email.com
43	 Guillermo	 Quintero	 Salazar	 Guillermo Quintero@email.com
44	 Paula	 Vázquez	 Villegas	 Paula Vázquez@email.com
45	 Eduardo	 Fuentes	 Peña	 Eduardo Fuentes@email.com
46	 Alejandra	 Rangel	 Andrade	 Alejandra Rangel@email.com
47	 Mauricio	 Cervantes	 Figueroa	 Mauricio Cervantes@email.com
48	 Antonia	 León	 Solís	 Antonia León@email.com
49	 Marcos	 Tapia	 Núñez	 Marcos Tapia@email.com
50	 Elena	 Castillo	 Araya	 Elena Castillo@email.com
51	 Gabriel	 Montes	 Valdez	 Gabriel Montes@email.com
52	 Renata	 Rosales	 Espinoza	 Renata Rosales@email.com
53	 Andrés	 Cordero	 Carvajal	 Andrés Cordero@email.com
54	 Luciana	 Espinosa	 Sánchez	 Luciana Espinosa@email.com
55	 Emilio	 Benítez	 Céspedes	 Emilio Benítez@email.com
56	 Jimena	 Osorio	 Moya	 Jimena Osorio@email.com
57	 Mario	 Sepúlveda	 Rojas	 Mario Sepúlveda@email.com
58	 Clara	 Ríos	 Cárdenas	 Clara Ríos@email.com
59	 Rodrigo	 Jiménez	 Trujillo	 Rodrigo Jiménez@email.com
60	 Andrea	 Arias	 Fuentes	 Andrea Arias@email.com
61	 Hugo	 Mora	 Ríos	 Hugo Mora@email.com
62	 Regina	 Navarro	 Lara	 Regina Navarro@email.com
63	 Emiliano	 Godoy	 Zambrano	 Emiliano Godoy@email.com
64	 Catalina	 Valencia	 Acevedo	 Catalina Valencia@email.com
65	 Christian	 Chávez	 Campos	 Christian Chávez@email.com
66	 Olivia	 Ochoa	 Romero	 Olivia Ochoa@email.com
67	 Raúl	 Cedeño	 Valdivia	 Raúl Cedeño@email.com
68	 Celeste	 Esquivel	 Ibarra	 Celeste Esquivel@email.com
69	 Víctor	 Ortega	 Jara	 Víctor Ortega@email.com
70	 Isabel	 Campos	 Morales	 Isabel Campos@email.com
71	 Martín	 Ibarra	 Gutiérrez	 Martín Ibarra@email.com
72	 Renata	 Duarte	 Zamudio	 Renata Duarte@email.com
73	 Ignacio	 Méndez	 Pacheco	 Ignacio Méndez@email.com
74	 Patricia	 Mendoza	 Arévalo	 Patricia Mendoza@email.com
75	 Hernán	 Lugo	 Arancibia	 Hernán Lugo@email.com
76	 Lourdes	 Maldonado	 Benítez	 Lourdes Maldonado@email.com
77	 Agustín	 Zúñiga	 Medina	 Agustín Zúñiga@email.com
78	 Marina	 Fuentes	 Chávez	 Marina Fuentes@email.com
79	 Tomás	 Leiva	 Alarcón	 Tomás Leiva@email.com
80	 Aurora	 Escobar	 Sepúlveda	 Aurora Escobar@email.com
81	 Rafael	 Cordero	 Pizarro	 Rafael Cordero@email.com
82	 Adriana	 Cáceres	 Segura	 Adriana Cáceres@email.com
83	 Pedro	 Alvarado	 Paredes	 Pedro Alvarado@email.com
84	 Lorena	 Soto	 Espinosa	 Lorena Soto@email.com
85	 Miguel	 Báez	 Iturra	 Miguel Báez@email.com
86	 Ximena	 Alarcón	 Rojas	 Ximena Alarcón@email.com
87	 Rubén	 Delgado	 Cortés	 Rubén Delgado@email.com
88	 Paola	 Campos	 Morales	 Paola Campos@email.com
89	 Ángel	 Castillo	 Contreras	 Ángel Castillo@email.com
90	 Ana	 Barrera	 Leiva	 Ana Barrera@email.com
91	 Leonardo	 Bravo	 Urrutia	 Leonardo Bravo@email.com
92	 Valentina	 Molina	 Ortiz	 Valentina Molina@email.com
93	 Omar	 Pacheco	 López	 Omar Pacheco@email.com
94	 Elisa	 Peralta	 Cisternas	 Elisa Peralta@email.com
95	 Ernesto	 Araya	 Peñaloza	 Ernesto Araya@email.com
96	 Romina	 Solano	 Vilches	 Romina Solano@email.com
97	 Julián	 Acosta	 Méndez	 Julián Acosta@email.com
98	 Brenda	 Murillo	 Espinoza	 Brenda Murillo@email.com
99	 René	 Mora	 Tapia	 René Mora@email.com
100	 Margarita	 Segura	 Soto	
